ProductUpcCode,Size,Type,Season,MaterialName
151,3XL,Lower,Spring,hac habitasse
152,S,Winter Wear,Winter,non
153,3XL,Upper,Summer,id
154,3XL,Lower,Fall,vulputate vitae
155,S,Lower,All season,ac tellus
156,L,Winter Wear,Spring,lacinia eget
157,XS,Upper,Winter,vehicula condimentum
158,M,Lower,Summer,luctus
159,2XL,Lower,Fall,ipsum primis
160,3XL,Winter Wear,All season,nunc purus
161,3XL,Upper,Spring,odio condimentum
162,3XL,Lower,Winter,pulvinar nulla
163,2XL,Lower,Summer,a
164,3XL,Winter Wear,Fall,sit amet
165,2XL,Upper,All season,bibendum
166,XL,Lower,Spring,in faucibus
167,L,Lower,Winter,non velit
168,M,Winter Wear,Summer,in
169,M,Upper,Fall,odio in
170,M,Lower,All season,sapien a
171,S,Lower,Spring,dictumst morbi
172,L,Winter Wear,Winter,etiam
173,2XL,Upper,Summer,vestibulum ante
174,M,Lower,Fall,nisi volutpat
175,XL,Lower,All season,justo
176,S,Winter Wear,Spring,sodales scelerisque
177,3XL,Upper,Winter,ullamcorper
178,XS,Lower,Summer,ac
179,2XL,Lower,Fall,lectus
180,XL,Winter Wear,All season,ante
181,XL,Upper,Spring,dolor vel
182,L,Lower,Winter,iaculis
183,M,Lower,Summer,mauris ullamcorper
184,XL,Winter Wear,Fall,odio curabitur
185,2XL,Upper,All season,ullamcorper
186,2XL,Lower,Spring,potenti cras
187,XL,Lower,Winter,odio
188,XL,Winter Wear,Summer,elit proin
189,L,Upper,Fall,pulvinar
190,XL,Lower,All season,egestas metus
191,3XL,Lower,Spring,in
192,XS,Winter Wear,Winter,ac nibh
193,3XL,Upper,Summer,aliquet ultrices
194,2XL,Lower,Fall,vel nisl
195,L,Lower,All season,pede justo
196,M,Winter Wear,Spring,sollicitudin
197,L,Upper,Winter,ultrices aliquet
198,XS,Lower,Summer,quam fringilla
199,S,Lower,Fall,et
200,XL,Winter Wear,All season,pellentesque volutpat
